-- phpMyAdmin SQL Dump
-- version 4.7.4
-- https://www.phpmyadmin.net/
--
-- Host: 127.0.0.1:3306
-- Generation Time: Mar 18, 2018 at 11:56 AM
-- Server version: 5.7.19
-- PHP Version: 7.0.23

SET SQL_MODE = "NO_AUTO_VALUE_ON_ZERO";
SET AUTOCOMMIT = 0;
START TRANSACTION;
SET time_zone = "+00:00";


/*!40101 SET @OLD_CHARACTER_SET_CLIENT=@@CHARACTER_SET_CLIENT */;
/*!40101 SET @OLD_CHARACTER_SET_RESULTS=@@CHARACTER_SET_RESULTS */;
/*!40101 SET @OLD_COLLATION_CONNECTION=@@COLLATION_CONNECTION */;
/*!40101 SET NAMES utf8mb4 */;

--
-- Database: `registration1`
--

-- --------------------------------------------------------

--
-- Table structure for table `2018second`
--

DROP TABLE IF EXISTS `2018second`;
CREATE TABLE IF NOT EXISTS `2018second` (
  `id` int(11) NOT NULL AUTO_INCREMENT,
  `Course_code` varchar(255) NOT NULL,
  `drs_names` varchar(255) DEFAULT NULL,
  PRIMARY KEY (`id`),
  KEY `id` (`id`)
) ENGINE=InnoDB AUTO_INCREMENT=15 DEFAULT CHARSET=utf8;

--
-- Dumping data for table `2018second`
--

INSERT INTO `2018second` (`id`, `Course_code`, `drs_names`) VALUES
(8, '12 ا.ك', 'حسن صابر احمد زويل'),
(9, '12 و.ن', 'على عدنان عوض'),
(10, '12 م.ك', 'امال محمد أبو النصر'),
(11, '12 ق.ز', 'راضى عبدالمجيد عبدالحاكم'),
(14, '14 ا.ن', 'حسن صابر احمد زويل');

-- --------------------------------------------------------

--
-- Table structure for table `admin`
--

DROP TABLE IF EXISTS `admin`;
CREATE TABLE IF NOT EXISTS `admin` (
  `name` varchar(255) NOT NULL,
  `id` int(10) UNSIGNED NOT NULL,
  `password` varchar(255) NOT NULL
) ENGINE=MyISAM DEFAULT CHARSET=utf8;

--
-- Dumping data for table `admin`
--

INSERT INTO `admin` (`name`, `id`, `password`) VALUES
('احمد محمد', 122, 'cfa1150f1787186742a9a884b73a43d8cf219f9b');

-- --------------------------------------------------------

--
-- Table structure for table `course`
--

DROP TABLE IF EXISTS `course`;
CREATE TABLE IF NOT EXISTS `course` (
  `Course_code` char(30) NOT NULL,
  `name` char(255) NOT NULL,
  `hours` int(10) UNSIGNED DEFAULT NULL,
  `id` int(11) NOT NULL AUTO_INCREMENT,
  `drs_names` text,
  PRIMARY KEY (`id`)
) ENGINE=InnoDB AUTO_INCREMENT=260 DEFAULT CHARSET=utf8;

--
-- Dumping data for table `course`
--

INSERT INTO `course` (`Course_code`, `name`, `hours`, `id`, `drs_names`) VALUES
('11 ا.ك', 'الكيمياء الفيزيائية و التحليلية', 3, 1, NULL),
('11 ق.ز', 'مبادئ الاقتصاد', 3, 2, NULL),
('11 م.ك', 'حاسب إلى و نظم معلومات', 2, 3, NULL),
('11 ن.ز', 'مورفولوجى و تشريح نبات', 3, 4, NULL),
('11 و.ن', 'حيوان زراعى', 3, 5, NULL),
('12 و.ن', 'كيمياء عضوية', 3, 6, NULL),
('12 ا.ك', 'أساسيات الأراضي', 3, 7, NULL),
('12 ق.ز', 'مبادئ الاقتصاد الزراعي', 3, 8, NULL),
('12 م.ك', 'لغة انجليزية علمية', 1, 9, NULL),
('12 ن.ز', 'تقسيم نبات', 3, 10, NULL),
('13 ا.ك', 'رياضه', 3, 11, NULL),
('13 ق.ز', 'أساسيات المجتمع الريفي', 3, 12, NULL),
('14 ا.ك', 'ميكنه زراعية', 3, 13, NULL),
('14 ا.ن', 'أساسيات إنتاج الفاكهة', 3, 14, NULL),
('م.ك', 'حقوق إنسان', NULL, 15, NULL),
('أ.ن .22', 'انتاج محاصيل الحقل', 3, 20, NULL),
('ع.غ.22', 'اساسيات علوم و تكنولوجيا الاغذية', 3, 21, NULL),
('أ.ح.22', 'اساسيات انتاج الدواجن', 3, 22, NULL),
('ن.ز.24', 'ميكروييولوجيا زراعية', 3, 23, NULL),
('ق.ز.24', 'التسويق الزراعى', 3, 24, NULL),
('ن.ز.24', 'أسس الوراثة', 3, 25, NULL),
('م.ك.31', 'تدريب ميدانى زراعى عام', 1, 26, NULL),
('و.ن.33', 'حشرات عام', 3, 27, NULL),
('و.ن.35', 'تلوث البيئة الزراعية', 2, 28, NULL),
('أ.ن.101', 'انتاج القطن و محاصيل الالياف', 3, 29, NULL),
('أ.ن.103', 'فرز القطن الزهر', 2, 30, NULL),
('أ.ك.15', 'ارصاد جوية و فزياء', 3, 31, NULL),
('م.ك.15', 'ثقافة اسلاميه', 2, 32, NULL),
('أ.ن.15', 'معالجة و تدوير المخلفات الزراعية', 2, 33, NULL),
('م.ك.17', 'إدارة الموارد البشرية الزراعية', 1, 34, NULL),
('ع.غ.33', 'تغذية انسان', 2, 35, NULL),
('ع.غ.34', 'اساسيات علوم و تكنولوجيا الالبان', 3, 36, NULL),
('و.ن.102', 'افات القطن الحشرية و مكافحتها', 2, 37, NULL),
('أ.ن.104', 'فرز القطن الشعر (أ)', 2, 38, NULL),
('م.ك.14', 'مراسلات باللغة الانجليزية', 2, 39, NULL),
('أ.ن.16', 'اساسيات الزهور ونباتات الزينة', 3, 40, NULL),
('أ.ك.16', 'مساحة و مبانى زراعية', 3, 41, NULL),
('م.ك.16', 'مبادئ السيكولوجى', 2, 42, NULL),
('م.ك.18', 'ريادة الاعمال و إدارة المشاريع الصغيرة', 1, 43, NULL),
('م.ك.20', 'مبادئ علم السياسة', 2, 44, NULL),
('أ.ح.24', 'اساسيات انتاج الأسماك و الكائنات المائية', 3, 45, NULL),
('ن.ز.102', 'امراض القطن', 3, 46, NULL),
(' 105 . أ.ن', 'حليج وكبس القطن', 2, 47, NULL),
('113 . ق.ز', 'الإرشاد الزراع  القطنى', 3, 48, NULL),
('115 . أ.ن', 'تكنولوجيا ألياف القطن', 3, 49, NULL),
('101 . ق.ز', 'الاقتصاد القطنى', 3, 50, NULL),
('105 . ق .ز', 'اقتصاد تصنيع القطن', 3, 51, NULL),
('109 . أ.ن', 'فرز القطن الشعر (ب)', 3, 52, NULL),
('111 . أ.ن', 'انتاج محاصيل العلف و  المراعى', 3, 53, NULL),
('113 . أ.ن', 'تصميم و تحليل التجارب الزراعية', 3, 54, NULL),
('117 . أ.ن', 'الالياف الصناعية', 2, 55, NULL),
('103 . أ.ن', 'مكافحة الافات', 3, 56, NULL),
('ع.غ.104', 'تكنولوجيا بذرة القطن', 3, 57, NULL),
('أ.نع.غ..106', 'تربية و اكثار القطن', 3, 58, NULL),
('ق.ز.106', 'إدارة الاعمال المزرعية', 3, 59, NULL),
('م.ك.42', 'تدريب ميدانى زراعى تخصصى', 2, 60, NULL),
('أ.ن.102', 'انتاج محاصيل الزيت', 3, 61, NULL),
('أ.ك.106', 'تغذية  نبات', 3, 62, NULL),
('أ.ن.108', 'تكنولوجيا نسيج و تجهيز القطن', 3, 63, NULL),
('أ.ن.110', 'تكنولوجيا غزل القطن', 3, 64, NULL),
('ق.ز.116', 'التعاون الزراعى', 2, 65, NULL),
('أ.ن.120', 'الدورات الزراعية و التكثيف الزراعى', 3, 66, NULL),
('و.ن.108', 'مبيد الافات', 3, 67, NULL),
('م.ك. 31', 'تدريب ميدانى زراعى عام', 1, 68, NULL),
('و.ن.33', 'حشرات عام', 3, 69, NULL),
('و.ن.35', 'تلوث البيئة الزراعية', 2, 70, NULL),
('أ.ك.103', 'البيئة المائية و تحليل المياه', 3, 71, NULL),
('أ.ح.103', 'بيولوجى الأسماك و الكائنات البحرية', 3, 72, NULL),
('ع.غ.103', 'تكنولوجيا حفظ و تصنيع الاسماك', 3, 73, NULL),
('أ.ك.15', 'ارصاد جوية و فزياء', 3, 74, NULL),
('م.ك.15', 'ثقافة اسلاميه', 2, 75, NULL),
('أ.ن.15', 'معالجة و تدوير المخلفات الزراعية', 2, 76, NULL),
('م.ك.17', 'إدارة الموارد البشرية الزراعية', 1, 77, NULL),
('ع.غ.33', 'تغذية انسان', 2, 78, NULL),
(' ع.غ.34', 'اساسيات علوم و تكنولوجيا الالبان', 3, 79, NULL),
(' أ.ح.105', 'تغذية و اعلاف الأسماك و الكائنات  المائية', 3, 80, NULL),
(' أ.ح.109', 'امراض الاسماك', 3, 81, NULL),
(' أ.ح.111', 'فسيولوجيا الاسماك', 3, 82, NULL),
(' أ.ح.115', 'انشاء و تكنولوجيا المزارع السمكيه', 3, 83, NULL),
(' أ.ح.101', 'تربية و رعاية الطيور المائية', 2, 84, NULL),
(' أ.ح.107', 'أدوات و أساليب صيد الاسماك', 3, 85, NULL),
(' ق.ز.109', 'اقتصاد إدارة المزارع السمكية', 3, 86, NULL),
(' أ.ح.113', 'نظم الاستزراع السمكى', 2, 87, NULL),
(' أ.ن.121', 'انتاج الزهور و نباتات الزينة', 3, 88, NULL),
('و.ن.103', 'مكافحه الآفات', 3, 89, NULL),
('أ.ح.104', 'انتاج القشريات والرخويات', 2, 90, NULL),
('ق.ز.108', 'تسويق الأسماك', 3, 91, NULL),
('ق.ز.118', 'الارشاد الزراعي السمكي', 3, 92, NULL),
('م.ك.42', 'تدريب ميداني زراعي تخصصي', 2, 93, NULL),
('ع.غ.102', 'تصنيع مخلفات اسماك', 2, 94, NULL),
('أ.ح.106', 'بيولوجيا التناسل والتفريخ والمفرخات', 3, 95, NULL),
('أ.ح.108', 'انتاج الحيوانات المائيه', 2, 96, NULL),
('أ.ح.110', 'أسماك الزينه', 2, 97, NULL),
('ق.ز.110', 'الحصر السمكي', 3, 98, NULL),
('ن.ز.110', 'وراثه الأسماك والحيوانات المائيه', 2, 99, NULL),
('و.ن.108', 'مبيدات الآفات', 3, 100, NULL),
('م.ك.31', 'تدريب ميداني زراعي عام', 1, 101, NULL),
('و.ن.33', 'حشرات عام', 3, 102, NULL),
('و.ن.35', 'تلوث البيئه الزراعيه', 2, 103, NULL),
('أ.ك.101', 'خصوبه الاراضي والاسمده', 3, 104, NULL),
('أ.ك.107', 'طبيعة وكمياء الاراضي الصحروايه', 3, 105, NULL),
('أ.ك.15', 'أرصاد جويه وفيزياء', 3, 106, NULL),
('م.ك.15', 'ثقافه اسلاميه', 2, 107, NULL),
('أ.ن.15', 'معالجة وتدوير المخلفات الزراعيه', 2, 108, NULL),
('م.ك.17', 'اداره الموارد البشريه الزراعيه', 1, 109, NULL),
('ع.غ.33', 'تغذيه انسان', 2, 110, NULL),
('ع.غ.34', 'أساسيات علوم وتكنولوجيا الألبان', 3, 111, NULL),
('أ.ك.104', 'استصلاح وتحسين الأراضي الصحروايه', 2, 112, NULL),
('و.ن.106', 'الآفات الحشريه للزراعه الصحروايه ومكافحتها', 3, 113, NULL),
('أ.ح.118', 'انتاج وتربية ورعاية الابل والاغنام والماعز', 2, 114, NULL),
('م.ك.14', 'مراسلات باللغه الانجليزيه', 2, 115, NULL),
('أ.ن.16', 'أساسيات لبزهور ونباتات الزينه', 3, 116, NULL),
('أ.ك.16', 'مساحه ومباني زراعيه', 3, 117, NULL),
('م.ك.16', 'مبادئ السيكولوجي', 2, 118, NULL),
('م.ك.18', 'رياده الاعمال واداره المشروعات الصغيره', 1, 119, NULL),
('م.ك.20', 'مبادئ علم السياسه', 2, 120, NULL),
('أ.ح.24', 'أساسيات انتاج الاسماك والكائنات المائيه', 3, 121, NULL),
('ق.ز.111', 'أساسيات الارشاد الزراعي', 3, 122, NULL),
('أ.ن.111', 'انتاج محاصيل العلف الاخضر والمراعي', 3, 123, NULL),
('أ.ك.113', 'نظم الري والصرف في الاراضي الصحروايه', 3, 124, NULL),
('أ.ن.125', 'انتاج الخضر بالمناطق الصحروايه', 3, 125, NULL),
('ع.غ.101', 'حفظ وتصنيع الفاكهه والخضر', 3, 126, NULL),
('أ.ن.113', 'تصميم وتحليل التجارب الزراعيه', 3, 127, NULL),
('أ.ن.121', 'انتاج الزهور ونباتات الزينه', 3, 128, NULL),
('ن.ز.127', 'امراض حاصلات بستانيه', 3, 129, NULL),
('أ.ن.127', 'الزراعه المحميه', 3, 130, NULL),
('أ.ن.143', 'تحسين الحاصلات البستانيه', 3, 131, NULL),
('و.ن.103', 'مكافحه الآفات', 3, 132, NULL),
('ق.ز.106', 'اداره الاعمال المزرعيه', 3, 133, NULL),
('أ.ن.112', 'النباتات الطبيه والعطريه', 2, 134, NULL),
('أ.ن.126', 'انتاج الفاكهه بالمناطق الصحروايه', 3, 135, NULL),
('م.ك.42', 'تدريب ميداني زراعي تخصصي', 2, 136, NULL),
('ن.ز.104', 'ميكروبيولوجي المخصبات الحيويه', 3, 137, NULL),
('و.ن.104', 'تربية نحل العسل ودودة القز', 3, 138, NULL),
('أ.ك.106', 'تغذيه نبات', 3, 139, NULL),
('و.ن.108', 'مبيدات الآفات', 3, 140, NULL),
('أ.ك.114', 'منرالوجيا الاراضي الصحراويه', 3, 141, NULL),
('أ.ح.116', 'انتاج ورعايه النعام', 2, 142, NULL),
('أ.ن.116', 'انتاج محاصيل المناطق الصحراويه', 3, 143, NULL),
('أ.ن.122', 'الاشجار والشجيرات والاسيجه', 3, 144, NULL),
('ن.ز.126', 'امراض محاصيل حقليه', 3, 145, NULL),
('ق.ز.127', 'التنميه الاقتصاديه الزراعيه', 3, 146, NULL),
('ق.ز.121', 'اقتصاد الانتاج الزراعي', 3, 147, NULL),
('أ.ك.15', 'ارصاد جويه وفيزياء', 3, 148, NULL),
('أ.ن.15', 'معالجه وتدوير المخلفات الزراعيه', 2, 149, NULL),
('ق.ز.102', 'النقود والبنوك والتجاره الدوليه', 3, 150, NULL),
('ق.ز.114', 'التخطيط الاقتصادي الزراعي', 3, 151, NULL),
('أ.ك..16', 'مساحه ومباني زراعيه', 3, 152, NULL),
('م.ك.18', 'رياده الاعمال واداره المشروعات الصغيره', 1, 153, NULL),
('م.ك.20', 'مبادئ علم السياسه', 2, 154, NULL),
('أ.ح.24', 'أساسيات انتاج الاسماك والكائنات المائيه', 3, 155, NULL),
('ق.ز.111', 'أساسيات الارشاد الزراعي', 3, 156, NULL),
('ق.ز.119', 'الاحصاء الاقتصادي والاجتماعي', 3, 157, NULL),
('ق.ز.117', 'التقييم الاقتصادي للبرامج والمشروعات الزراعيه', 3, 158, NULL),
('ق.ز.123', 'الطرق الارشاديه الزراعيه', 3, 159, NULL),
('ق.ز.107', 'مبادئ المحاسبه الزراعيه', 2, 160, NULL),
('ع.غ.109', 'اساسيات الاقتصاد المنزلي والتنميه الاسريه', 3, 161, NULL),
('ق.ز.115', 'التمويل والائتمان الزراعي', 2, 162, NULL),
('ق.ز.106', 'إداره الأعمال المزرعيه', 3, 167, NULL),
('ق.ز.116', 'التعاون الزراعي', 2, 168, NULL),
('ق.ز. 124', 'تنظيم و تنميه المجتمع الريفي', 3, 169, NULL),
('م.ك.42', 'تدريب ميداني زراعي تخصصي', 2, 170, NULL),
('و.ن.104', 'تربيه نحل العسل و دودة القز', 3, 171, NULL),
('أ.ن.112', 'النباتات الطبيه و العطريه', 2, 172, NULL),
('أ.ن.120', 'الدورات الزراعية و التكثيف الزراعي', 3, 173, NULL),
('ق.ز.122', 'المشاكل الاجتماعية الريفيه و البدويه', 3, 174, NULL),
('و.ن.108', 'مبيدات الآفات', 3, 175, NULL),
('م.ك.31', 'تدريب ميداني زراعي عام', 1, 176, NULL),
('و.ن.33', 'حشرات عام', 3, 177, NULL),
('و.ن.35', 'تلوث البيئة الزراعية', 2, 178, NULL),
('ن.ز.121', 'بيولوجيا الخلية', 3, 179, NULL),
('ن.ز.125', 'البيولوجيا الجزئية للضغوط اللاحيوية', 3, 180, NULL),
('أ.ك.15', 'أرصاد جوية و فيزياء', 3, 181, NULL),
('م.ك.15', 'ثقافة إسلامية', 2, 182, NULL),
('أ.ن.15', 'معالجة و تدوير المخلفات الزراعية', 2, 183, NULL),
('م.ك.17', 'إدارة الموارد البشرية الزراعية', NULL, 184, NULL),
('ع.غ.33', 'تغذية إنسان', 2, 185, NULL),
('ع.غ.105', 'أساسيات تكنولوجيا التخمرات الصناعية', 3, 186, NULL),
('ن.ز.119', '(بيولوجيا مقارن(1', 3, 187, NULL),
('أ.ن.', 'مقدمه في التكنولوجيا الحيوية و زراعة الأنسجة', 3, 188, NULL),
('ع.غ.107', 'الصناعات الغذائية الميكروبية', 3, 189, NULL),
('ن.ز.115', 'الوراثة السيتولوجية', 2, 190, NULL),
('ن.ز.117', 'وراثة المناعة', 2, 191, NULL),
('أ.ن.127', 'الزراعة المحمية', 3, 192, NULL),
('أ.ن.137', 'الإحصاء الحيوي', 2, 193, NULL),
('أ.ن.143', 'تحسين الحاصلات البستانية', 3, 194, NULL),
('أ.ن.145', 'البذور النباتية الصناعية', 2, 195, NULL),
('و.ن.103', 'مكافحة الآفات', 3, 196, NULL),
('ن.ز.120', 'التحسين الوراثي فى النبات', 3, 197, NULL),
('ن.ز.118', 'أساسيات الهندسة الوراثية', 3, 198, NULL),
('ن.ز.114', 'وراثه الكائنات الدقيقة', 3, 199, NULL),
('م.ك.42', 'تدريب ميداني زراعي تخصصي', 2, 200, NULL),
('ن.ز.128', '(الوراثة الجزيئية(2', 3, 201, NULL),
('ن.ز.116', 'الوراثة اللاجنسبه للخلايا', 3, 202, NULL),
('ن.ز.122', '(2)بيولوجيا مقارن', 3, 203, NULL),
('ن.ز.124', 'الهندسة الوراثية للتحسن البيئي', 3, 204, NULL),
('أ.ن.132', 'المشاتل و تكنولوجيا إنتاج الشتلات', 3, 205, NULL),
('أ.ن.144', 'أساسيات تربية النبات', 3, 206, NULL),
('و.ن. 108', 'مبيدات الآفات', 3, 207, NULL),
('م.ك.31', 'تدريب ميداني زراعي عام', 1, 208, NULL),
('و.ن.33', 'حشرات عام', 3, 209, NULL),
('و.ن.35', 'تلوث البيئة الزراعية', 2, 210, NULL),
('أ.ن.123', 'إنتاج محاصيل الفاكهة', 3, 211, NULL),
('و.ن.103', 'مكافحة الآفات', 3, 212, NULL),
('أ.ك.15', 'أرصاد جوية و فيزياء', 3, 213, NULL),
('م.ك.15', 'ثقافة إسلامية', 2, 214, NULL),
('أ.ن.15', 'معالجة و تدوير المخلفات الزراعية', 2, 215, NULL),
('م.ك.17', 'إدارة الموارد البشرية', 1, 216, NULL),
('ع.غ.33', 'تغذية إنسان', 2, 217, NULL),
('ع.غ.101', 'حفظ و تصنيع الفاكهه و الخضر', 3, 218, NULL),
('ق.ز.111', 'أساسيات الإرشاد الزراعي', 3, 219, NULL),
('أ.ن.111', 'إنتاج محاصيل العلف و المراعي', 3, 220, NULL),
('أ.ن.121', 'إنتاج محاصيل الزهور ونباتات الزينة', 3, 221, NULL),
('أ.ك.101', 'خصوبة الأراضي و الأسمدة', 3, 222, NULL),
('أ.ن.127', 'أمراض حاصلات بستانية', 3, 223, NULL),
('أ.ن.127', 'الزراعة المحمية', 3, 224, NULL),
('أ.ن.143', 'تحسين الحاصلات البستانية', 3, 225, NULL),
('ع.غ.34', 'أساسيات علوم و تكنولوجيا الألبان', 3, 226, NULL),
('ن.ز.108', 'البيولوجيا الجزئي للضغوط الحيوية', 3, 227, NULL),
('ع.غ.110', '(2)كيمياء حيوية زراعية', 3, 228, NULL),
('ن.ز.112', '(1)الوراثة الجزيئية', 2, 229, NULL),
('م.ك.14', 'مراسلات باللغة الانجليزية', 2, 230, NULL),
('أ.ن.16', 'أساسيات الزهور و نباتات الزينة', 3, 231, NULL),
('أ.ك.16', 'مساحات و مبانى زراعية', 3, 232, NULL),
('م.ك.16', 'مبادىء علم السيكولوجي', 2, 233, NULL),
('م.ك.18', 'ريادة الأعمال و إداره المشروعات الصغيرة', 1, 234, NULL),
('م.ك.20', 'مبادىء علم السياسة', 2, 235, NULL),
('أ.ح.24', 'أساسيات إنتاج الأسماك و الكائنات المائية', 3, 236, NULL),
('ق.ز.106', 'ادارة الاعمال المزرعية', 3, 238, ''),
('ا.ن.112', 'النباتات الطبية و العطرية', 2, 239, ''),
('ا.ن.142', 'انتاج محاصيل الحبوب و البقول و السكر', 3, 240, NULL),
('م.ك.42', 'تدريب ميدانى زراعي تخصصي', 2, 241, NULL),
('و.ن.104', 'تربية نحل العسل و دودة القز', 3, 242, NULL),
('ا.ك.106', 'تغذية نبات', 3, 243, NULL),
('ا.ك.112', 'نظم الري و الصرف', 3, 244, NULL),
('ا.ن.120', 'الدورات الزراعة و التكثيف الزراعي', 3, 245, NULL),
('ا.ن.144', 'اساسيات تربية النبات', 3, 246, NULL),
('ا.ن.146', 'تنسيق الحدائق و زراعة المسطحات الخضراالخضراء', 3, 247, NULL),
('و.ن.108', 'مبيدات الآفات', 3, 248, NULL),
('م.ك.31', 'تدريب ميداني زراعي علم', 1, 249, NULL),
('و.ن.33', 'حشرات علم', 3, 250, NULL),
('و.ن.35', 'تلوث البيئة الزراعالزراعة', 2, 251, NULL),
('ا.ن.147', 'إنتاج النباتات الطبيه', 2, 252, NULL),
('ن.ز.129', 'الفلورا المصرية', 2, 253, NULL),
('ن.ز.165', 'تصنيف و تقسيم النباتات الطبية و العطرية', 1, 254, NULL),
('ا.ك.15', 'ارصاد جوية و فيزياء', 3, 255, NULL),
('م.ك.15', 'ثقافة اسلاميه', 2, 256, NULL),
('ا.ن.15', 'معالجة و تدوير المخلفات الزراعية', 2, 257, NULL),
('م.ك.17', 'ادارة الموارد البشرية الزراعية', 1, 258, NULL),
('ع.غ.33', 'تغذية إنسان', 2, 259, NULL);

-- --------------------------------------------------------

--
-- Table structure for table `info`
--

DROP TABLE IF EXISTS `info`;
CREATE TABLE IF NOT EXISTS `info` (
  `name` varchar(250) DEFAULT NULL,
  `national_id` int(100) DEFAULT NULL,
  `homeTele` text,
  `mobileTele` text,
  `birthDate` date DEFAULT NULL,
  `address` varchar(250) DEFAULT NULL,
  `email` varchar(250) DEFAULT NULL
) ENGINE=MyISAM DEFAULT CHARSET=utf8;

--
-- Dumping data for table `info`
--

INSERT INTO `info` (`name`, `national_id`, `homeTele`, `mobileTele`, `birthDate`, `address`, `email`) VALUES
('heba', 52655, '55', '', '1996-10-01', '', ''),
('ØºÙŠÙ„', 22565, '', '', '1996-10-01', '', ''),
('nancy', 752, '556', '455', '1996-10-01', 'hh', 'fd@gg'),
('االل', 345, '987', '66', '1996-10-01', 'hh', 'gdfg@hh');

-- --------------------------------------------------------

--
-- Table structure for table `proff`
--

DROP TABLE IF EXISTS `proff`;
CREATE TABLE IF NOT EXISTS `proff` (
  `name` varchar(250) NOT NULL,
  `userno` int(11) DEFAULT NULL,
  `password` varchar(255) DEFAULT NULL,
  PRIMARY KEY (`name`),
  KEY `name` (`name`)
) ENGINE=MyISAM DEFAULT CHARSET=utf8mb4;

--
-- Dumping data for table `proff`
--

INSERT INTO `proff` (`name`, `userno`, `password`) VALUES
('امال محمد أبو النصر', 12345, '8cb2237d0679ca88db6464eac60da96345513964'),
('علاء عبدالكريم احمد الدحار ', NULL, NULL),
('حسن صابر احمد زويل', NULL, NULL),
('محمود احمد محمد', NULL, NULL),
('راضى عبدالمجيد عبدالحاكم', NULL, NULL),
('إبراهيم فتح الله إبراهيم ', NULL, NULL),
('وليد محمد عبدالوهاب', NULL, NULL),
('احمد حسن اسماعيل', NULL, NULL),
('ايمان محمد احمد ', NULL, NULL),
('جوهرة عبدالسلام اسماعيل', NULL, NULL),
('على إبراهيم على حسن ', NULL, NULL),
('نجده احمد على السيد', NULL, NULL),
('على عدنان عوض', NULL, NULL),
('سليمان محمد عبدالرحمن ', NULL, NULL),
('أسماء زايد محمد', NULL, NULL),
('محمد كمال احمد ', NULL, NULL),
('إبراهيم عباس السيد', NULL, NULL),
('سوسن مسعد السيد', NULL, NULL),
('حنان عبدالمنعم محمد زهران', NULL, NULL),
('عمرو سعيد احمد ابوالعلا', NULL, NULL),
('محمد نجيب محمد ', NULL, NULL),
('حسام الدين محمد فتحى ', NULL, NULL),
('عبدالفتاح  سيد عبدالكريم', NULL, NULL),
('محمد إبراهيم محمد ابراهيم', NULL, NULL),
('احمد محمد على كردى', NULL, NULL),
('وليد فضيلة عبدالجليل ', NULL, NULL),
('عصام إسماعيل اسماعيل', NULL, NULL),
('منى محمد يسرى جابر ', NULL, NULL),
('اميمه السيد حسن', NULL, NULL),
('محمد عبدالونيس عبدالمولى', NULL, NULL),
('عادل محمد البرنس', NULL, NULL),
('وفاء حسن محمد على', NULL, NULL),
('أسماء محمد حسن', NULL, NULL),
('ابوزيد محمد محمد', NULL, NULL),
('إبراهيم عبدالسلام على ', NULL, NULL),
('كمال صلاح عيسى صقر', NULL, NULL),
('سعد محمود محمد شمة', NULL, NULL),
('احمد كمال خليل', NULL, NULL),
('ايمان حسين السيد', NULL, NULL),
('سوزان إبراهيم السيد', NULL, NULL),
('ماجدة ابوالمجد حسين', NULL, NULL),
('عثمان احمد عثمان', NULL, NULL),
('حسنى على عبدالحميد', NULL, NULL),
('محمد محمد محمد عبدالرحمن', NULL, NULL),
('شجان السيد عبدالحميد', NULL, NULL),
('مصطفى عبدالعظيم ابوالسعود', NULL, NULL),
('حسن على عبدالحميد', NULL, NULL),
('احمد محمود عبدالحليم', NULL, NULL),
('عطيات فرج جابر علام', NULL, NULL),
('احمد محمد عبدالحميد', NULL, NULL),
('مشحوت جناب اسماعيل', NULL, NULL),
('فتحى إبراهيم رضوان', NULL, NULL),
('نادية محمد خميس مصطفى', NULL, NULL),
('احمد السيد على جمعة', NULL, NULL),
('دينا محمد احمد الشاعر', NULL, NULL),
('عبدالكريم السيد', NULL, NULL),
('هبة عبدالرحمن مرشدى', NULL, NULL),
('صابرين عبدالرحمن مرشدى', NULL, NULL),
('ميادة على صلاح الدين', NULL, NULL),
('شيماء عبدالسميع حسن ', NULL, NULL),
('سالم عبدالنعم عبدالحليم', NULL, NULL),
('نرمين يوسف عباس', NULL, NULL),
('أسماء احمد السيد', NULL, NULL),
('احمد حسين احمد', NULL, NULL),
('محمد احمد السيد', NULL, NULL),
('محمد حسن احمد ', NULL, NULL),
('حسين يوسف محمد', NULL, NULL),
('كريم محمد مجمد', NULL, NULL),
('احمد عطيه يوسف', NULL, NULL),
('مروة جمال احمد', NULL, NULL),
('ماجدة بهجت عبدالسلام', NULL, NULL),
('ماهر جورجى نسيم', NULL, NULL),
('انتصار عبدالمحسن احمد', NULL, NULL),
('سامى يحيي حمودة', NULL, NULL),
('محمود عبدالعزيز ابراهيم', NULL, NULL),
('اجلال على عمر ', NULL, NULL),
('سعيد إبراهيم عبدالله', NULL, NULL),
('علاء الدين امين', NULL, NULL),
('عادل حسين احمد', NULL, NULL),
('محمد قدرى عبدالحفيظ', NULL, NULL),
('على احمد على الصاوى', NULL, NULL),
('طارق محمد احمد سرور', NULL, NULL),
('عبدالله تاج الدين منصور', NULL, NULL),
('احمد السيد محمد خالد', NULL, NULL),
('ثناء مصطفى درويش ', NULL, NULL),
('ناجى منصور خضرجى', NULL, NULL),
('محمد احمد عبدالجواد', NULL, NULL),
('نادر رجب عبدالسلام', NULL, NULL),
('احمد إبراهيم عبدالبارى', NULL, NULL),
('ربيع يوسف اسماعيل', NULL, NULL),
('هيثم حسين يوسف', NULL, NULL),
('محمد عبدالحميد محمد اسماعيل', NULL, NULL),
('احمد السيد محمد عبدالله', NULL, NULL),
('حنان إسماعيل جاد اسماعيل', NULL, NULL),
('جمال عطية احمد عطية', NULL, NULL),
('السيد حسن محمد تايب', NULL, NULL),
('اميرة فتح الله محمد', NULL, NULL),
('رحاب مجدى محمد حسن', NULL, NULL),
('كرم عبدالعزيز عبدالرازق', NULL, NULL),
('سعيد محسن درويش', NULL, NULL),
('محمد عبدالسلام عبدالعاطى', NULL, NULL),
('جابر احمد بسيونى شحاته', NULL, NULL),
('اشرف عبدالمنعم محمد زيتون ', NULL, NULL),
('مجدى عبدالظاهر مسعود', NULL, NULL),
('عبير محمد السيد', NULL, NULL),
('محمد محروس يوسف', NULL, NULL),
('هانم مصطفى عثمان', NULL, NULL),
('اسلام إبراهيم احمد ابوالسعود', NULL, NULL),
('احمد عبدالفتاح محمود', NULL, NULL),
('ياسمين مؤمن حسن', NULL, NULL),
('وليد مصطفى دسوقى ', NULL, NULL),
('ريحاب محمد عبدالهادى', NULL, NULL),
('ايمن محمد ابواليزيد', NULL, NULL),
('صبحى فايد لملوم', NULL, NULL),
('سمر كمال احمد', NULL, NULL),
('إيهاب عبدالللاه عبدالعزيز', NULL, NULL),
('ميره عيسى على عيسى', NULL, NULL),
('محمد عبدالمنعم محمد السيد', NULL, NULL),
('نادر سعد السيد', NULL, NULL),
('اميرة السيد محمود', NULL, NULL),
('اسراء جمال مرسى', NULL, NULL),
('محمد عاصم عبدالحليم', NULL, NULL),
('راغب محمد جاب الله', NULL, NULL),
('احمد أبو الفتوح سليمان', NULL, NULL),
('كرم إسماعيل شجاته', NULL, NULL),
('رجب محمود سعد', NULL, NULL),
('احمد محمد طه عبدالحميد', NULL, NULL),
('وليد فايز عبدالحميد', NULL, NULL),
('اكرامى عبدالمعتمد', NULL, NULL),
('امنية إبراهيم محمد', NULL, NULL),
('بسنت فليب فوزى', NULL, NULL),
('امانى مصطفى عبدالله', NULL, NULL),
('عبدالله سعد محمد', NULL, NULL),
('محمد صلاح عبدالغنى', NULL, NULL),
('محمود محمد على سحير', NULL, NULL),
('محمد محمد عبدالجليل', NULL, NULL),
('طه محمد محمد عبدالحميد', NULL, NULL),
('جمال عبدالناصر محمد خليل', NULL, NULL);

-- --------------------------------------------------------

--
-- Table structure for table `rcourse`
--

DROP TABLE IF EXISTS `rcourse`;
CREATE TABLE IF NOT EXISTS `rcourse` (
  `student_id` int(11) NOT NULL,
  `courseid` int(11) NOT NULL,
  KEY `student_id` (`student_id`),
  KEY `courseid` (`courseid`)
) ENGINE=InnoDB DEFAULT CHARSET=utf8;

--
-- Dumping data for table `rcourse`
--

INSERT INTO `rcourse` (`student_id`, `courseid`) VALUES
(2, 7),
(1, 1),
(1, 3),
(1, 5);

-- --------------------------------------------------------

--
-- Table structure for table `reg`
--

DROP TABLE IF EXISTS `reg`;
CREATE TABLE IF NOT EXISTS `reg` (
  `id` int(112) NOT NULL AUTO_INCREMENT,
  `subject` varchar(225) NOT NULL,
  `place` varchar(225) NOT NULL,
  `fromm` int(11) NOT NULL,
  `too` int(11) NOT NULL,
  PRIMARY KEY (`id`)
) ENGINE=MyISAM AUTO_INCREMENT=4 DEFAULT CHARSET=utf8;

--
-- Dumping data for table `reg`
--

INSERT INTO `reg` (`id`, `subject`, `place`, `fromm`, `too`) VALUES
(1, 'الكيمياء الفيزيائية و التحليلية', 'مدرج 1', 2, 4),
(2, 'مبادئ الاقتصاد', 'مدرج 1', 4, 6),
(3, 'حاسب إلى و نظم معلومات', 'مدرج 2', 2, 4);

-- --------------------------------------------------------

--
-- Table structure for table `scourse`
--

DROP TABLE IF EXISTS `scourse`;
CREATE TABLE IF NOT EXISTS `scourse` (
  `name` varchar(255) NOT NULL,
  `id` int(11) NOT NULL AUTO_INCREMENT,
  KEY `id` (`id`)
) ENGINE=InnoDB DEFAULT CHARSET=utf8;

-- --------------------------------------------------------

--
-- Table structure for table `users`
--

DROP TABLE IF EXISTS `users`;
CREATE TABLE IF NOT EXISTS `users` (
  `name` varchar(250) NOT NULL,
  `Student_reg` varchar(22) NOT NULL,
  `password` varchar(255) NOT NULL,
  `id` int(11) NOT NULL AUTO_INCREMENT,
  PRIMARY KEY (`Student_reg`),
  KEY `Student_reg` (`Student_reg`),
  KEY `id` (`id`)
) ENGINE=InnoDB AUTO_INCREMENT=93 DEFAULT CHARSET=utf8;

--
-- Dumping data for table `users`
--

INSERT INTO `users` (`name`, `Student_reg`, `password`, `id`) VALUES
('محمود محمد عبدالعزيز ', '1472495', '', 67),
('احمد اشرف القناوى ابوالسعود', '1472543', '', 20),
('احمد عبدالمنعم عبدالرازقاح', '1472980', '', 9),
('احمد صبرى عبدالعال محمد عبدالعاطى', '1473048', '', 7),
('درين أنور أنور بركات', '1473184', '', 24),
('نادين بدوى احمد الليثلى ', '1473254', '', 77),
('شاهر محمد على شحاته', '1474064', '', 39),
('عبدالله مسعد شعبان محمد جمعة', '1474317', '', 43),
('اندرو عدلى كامل بخيت ', '1474330', '', 17),
('باهور إبراهيم عزيز شحاته', '1474388', '011c945f30ce2cbafc452f39840f025693339c42', 1),
('دينا محمد عبدالفضيل عبدربه', '1474930', '', 27),
('هايدى محمد خليفه ', '1475130', '', 85),
('منه الله خالد محمد ', '1475515', '', 71),
('خلود منتصر إبراهيم المهدى', '1475857', '', 23),
('سارة امين إبراهيم اسماعيل', '1475957', '', 37),
('روزينا جمال أنور عبدالعال', '1476194', '', 33),
('الاء السيد على عرفه', '1476389', '', 15),
('سمية اشرف فهمى محمد ابوسعدة', '1476414', '', 38),
('هبة محمد سليم على ', '1476581', '', 86),
('روان على العليمى على العليمى', '1476760', '', 31),
('مرفت محمد عبدالمنعم ', '1486151', '', 68),
('يارا عباده عبدالوهاب', '1486187', '', 90),
('محمد حسن فرغلى ', '1510142', '', 61),
('ايه احمد السيد شحاته ', '1510715', '', 19),
('لينة مصطفى على مصطفى ', '1510728', '', 57),
('زينب احمد عبدالمجيد احمد', '1510816', '', 36),
('علياء حامد مصطفى عماد', '1527236', '', 49),
('خالد مدحت احمد عبدالله', '1528245', '', 21),
('هدى خميس محمد ', '1548876', '', 88),
('عبدالرحمن محمد جلال', '1549225', '', 44),
('احمد محمد محمود العطيوى', '1549378', '', 11),
('ندى جمال مرسى عوض', '1549789', '', 79),
('ميار احمد جابر', '1550265', '', 74),
('ميار عادل جابر ', '1550270', '', 75),
('نورهان محمد حسين ', '1550316', '', 83),
('مصطفى عبدالعزيز محمد يوسف', '1550537', '', 69),
('شروق خميس عبدالمجيد عبداللطيف', '1551416', '', 40),
('لبنى حامد حسين ', '1551426', '', 56),
('روان عاطف عبداللطيف عبدالشافى', '1551517', '', 30),
('كارولين امين يوسف', '1551546', '', 54),
('عبدالرحمن محمد رجب ', '1551982', '', 45),
('محمد إبراهيم السيد ابراهيم', '1552003', '', 59),
('مهند يسرى رجب ', '1552050', '', 72),
('نادر محمد حسنين ', '1552142', '', 76),
('محمد على حسن ', '1552371', '', 66),
('محمد سعد صالح ', '1552501', '', 62),
('عمر محمد ابراهيم', '1552573', '', 51),
('منار مصطفى محمود ', '1553214', '', 70),
('فاطمة عبده زكريا', '1553350', '', 52),
('رانيا شريف محمد حسن', '1553438', '', 28),
('مارينا مجدى وهبه', '1553464', '', 58),
('فوزية فرج محمد', '1553531', '', 53),
('نورهان احمد محمود ', '1553542', '', 82),
('أسماء عبدالحميد حامد إبراهيم ', '1553574', '', 14),
('دعاء محمد حادى على', '1553890', '', 25),
('ندا زكريا محمد عبدالمطلب', '1553983', '', 78),
('روان محمود السيد محمود', '1554227', '', 32),
('احمد سامى محمد احمد أبو العزم', '1555154', '', 5),
('محمد جبر جبر احمد', '1555254', '', 60),
('عبدالكريم فرج محروس', '1555332', '', 46),
('عاصم لحمد على عبدالعزيز', '1555597', '', 42),
('عماد محمد مسعود ', '1555663', '', 50),
('صيرى مسعود عبدالمنعم ابراهيم', '1556077', '', 41),
('محمد عبدالعزيز على عبدالعزيز ', '1556204', '', 64),
('محمد سعيد عبدالفتاح ', '1556264', '', 63),
('احمد شعبان عبدالعزيزابراهيم', '1557444', '', 6),
('احمد ناصر عشرى محمود', '1558958', '', 12),
('زياد فتحى بساط حسن بلال', '1559206', '', 35),
('محمد عصام عوض حسين ', '1559684', '', 65),
('إبراهيم عبدالمجيد حامد شناوى', '1559758', '', 4),
('احمد عاطف صبحى عبدالمولى', '1559770', '', 8),
('احمد عزالدين عل على ', '1559773', '', 10),
('هشام عوض جلال  ', '1559947', '', 89),
('دينا احمد إسماعيل محمد', '1560634', '', 26),
('علا محمد حسن', '1560693', '', 48),
('ندى هانى محمد فايز ', '1560743', '', 80),
('هدى جمعة السيد ', '1560876', '', 87),
('خلود عبدالناصر كمال عبيد', '1561197', '', 22),
('كريمة حامد السيد ', '1561439', '', 55),
('نورهان محمد وجيه ', '1561619', '', 84),
('نعمة سعيد رمضان', '1562219', 'f56d6351aa71cff0debea014d13525e42036187a', 2),
('ريهام رمضان محمود ابراهيم', '1562517', '', 34),
('رانيا ياسر إبراهيم عبدالهادى', '1567855', '', 29),
('مؤمن احمد محمد', '1578251', '', 73),
('أسماء جابر توفيق ابراهيم', '1578258', '', 13),
('امل طارق سعيد عبدالحليم', '1583300', '', 16),
('عبدالله خميس فرج', '1584954', '', 47),
('نورا محمود سليمان ', '1585123', '', 81),
('ايمان كمال شعبان عبدالوهاب', '1585284', '', 18),
('ابتسام منصور ناجى حمد حمد', '1586146', 'f56d6351aa71cff0debea014d13525e42036187a', 3);

--
-- Constraints for dumped tables
--

--
-- Constraints for table `2018second`
--
ALTER TABLE `2018second`
  ADD CONSTRAINT `2018second_ibfk_1` FOREIGN KEY (`id`) REFERENCES `course` (`id`);

--
-- Constraints for table `rcourse`
--
ALTER TABLE `rcourse`
  ADD CONSTRAINT `rcourse_ibfk_2` FOREIGN KEY (`student_id`) REFERENCES `users` (`id`),
  ADD CONSTRAINT `rcourse_ibfk_3` FOREIGN KEY (`courseid`) REFERENCES `course` (`id`);
COMMIT;

/*!40101 SET CHARACTER_SET_CLIENT=@OLD_CHARACTER_SET_CLIENT */;
/*!40101 SET CHARACTER_SET_RESULTS=@OLD_CHARACTER_SET_RESULTS */;
/*!40101 SET COLLATION_CONNECTION=@OLD_COLLATION_CONNECTION */;
